family,support_name,geometry_key,bond_length_angstrom,external_k,total_operator_count,successful_restarts,analysis_stable,best_variational_total_ha,restart_energy_spread_ha,accepted_full_2e10o_exact_total_ha,best_error_vs_full_2e10o_exact_ha,chemical_accuracy,guard_band_accuracy,variational_bound_respected
deterministic_path,compact10_plus_top_00,1.595000,1.595,0,10,2,True,-7.995893472810522,2.136069099378801e-12,-7.998002039295045,0.0021085664845230667,False,False,True
deterministic_path,compact10_plus_top_00,2.500000,2.5,0,10,2,True,-7.96477252568401,5.702727179368594e-11,-7.9690746235741745,0.004302097890164447,False,False,True
deterministic_path,compact10_plus_top_00,3.000000,3.0,0,10,2,True,-7.941046028769805,4.355813487677551e-10,-7.949505082865738,0.008459054095932395,False,False,True
deterministic_path,compact10_plus_top_01,1.595000,1.595,1,11,2,True,-7.996641576240513,1.7988277534186636e-11,-7.998002039295045,0.0013604630545316354,True,False,True
deterministic_path,compact10_plus_top_01,2.500000,2.5,1,11,2,True,-7.965218916277824,6.421529974431905e-13,-7.9690746235741745,0.003855707296350097,False,False,True
deterministic_path,compact10_plus_top_01,3.000000,3.0,1,11,2,True,-7.941190285058763,4.938272013532696e-12,-7.949505082865738,0.008314797806974639,False,False,True
deterministic_path,compact10_plus_top_02,1.595000,1.595,2,12,2,True,-7.996688085136154,4.999645142333975e-11,-7.998002039295045,0.0013139541588911285,True,False,True
deterministic_path,compact10_plus_top_02,2.500000,2.5,2,12,2,True,-7.965228649832275,1.4300560735591716e-10,-7.9690746235741745,0.0038459737418996554,False,False,True
deterministic_path,compact10_plus_top_02,3.000000,3.0,2,12,2,True,-7.94124797635566,9.146798873871376e-10,-7.949505082865738,0.008257106510077605,False,False,True
deterministic_path,compact10_plus_top_03,1.595000,1.595,3,13,2,True,-7.996734928728682,9.394085509484285e-11,-7.998002039295045,0.0012671105663626392,True,False,True
deterministic_path,compact10_plus_top_03,2.500000,2.5,3,13,2,True,-7.965238241880703,2.6150370757704877e-10,-7.9690746235741745,0.0038363816934712247,False,False,True
deterministic_path,compact10_plus_top_03,3.000000,3.0,3,13,2,True,-7.941303401350003,1.0047287446468545e-09,-7.949505082865738,0.008201681515735082,False,False,True
deterministic_path,compact10_plus_top_04,1.595000,1.595,4,14,2,True,-7.997136738063481,2.519759512153996e-09,-7.998002039295045,0.0008653012315642528,True,False,True
deterministic_path,compact10_plus_top_04,2.500000,2.5,4,14,2,True,-7.965768746804538,9.940492873283802e-12,-7.9690746235741745,0.003305876769636562,False,False,True
deterministic_path,compact10_plus_top_04,3.000000,3.0,4,14,2,True,-7.941743977455581,3.852473895449293e-11,-7.949505082865738,0.00776110541015651,False,False,True
deterministic_path,compact10_plus_top_05,1.595000,1.595,5,15,2,True,-7.997222043046022,1.1298695312689233e-10,-7.998002039295045,0.0007799962490233625,True,True,True
deterministic_path,compact10_plus_top_05,2.500000,2.5,5,15,2,True,-7.965967118480957,4.573523781914446e-10,-7.9690746235741745,0.0031075050932178883,False,False,True
deterministic_path,compact10_plus_top_05,3.000000,3.0,5,15,2,True,-7.9422003601828575,7.409637348132492e-10,-7.949505082865738,0.0073047226828801826,False,False,True
deterministic_path,compact10_plus_top_06,1.595000,1.595,6,16,2,True,-7.99730488215353,2.1015189588524663e-11,-7.998002039295045,0.0006971571415146371,True,True,True
deterministic_path,compact10_plus_top_06,2.500000,2.5,6,16,2,True,-7.966153965940737,4.4718451164271755e-10,-7.9690746235741745,0.0029206576334370737,False,False,True
deterministic_path,compact10_plus_top_06,3.000000,3.0,6,16,2,True,-7.942630194601782,6.733698043603908e-10,-7.949505082865738,0.0068748882639555475,False,False,True
deterministic_path,compact10_plus_top_07,1.595000,1.595,7,17,2,True,-7.99734769311018,1.4376677626160017e-10,-7.998002039295045,0.000654346184864707,True,True,True
deterministic_path,compact10_plus_top_07,2.500000,2.5,7,17,2,True,-7.9662012362196934,4.845901457883883e-10,-7.9690746235741745,0.0028733873544810606,False,False,True
deterministic_path,compact10_plus_top_07,3.000000,3.0,7,17,2,True,-7.9426443894448076,3.5832989908612944e-09,-7.949505082865738,0.006860693420930097,False,False,True
deterministic_path,compact10_plus_top_08,1.595000,1.595,8,18,2,True,-7.997391476863726,1.8312640293061122e-10,-7.998002039295045,0.0006105624313192948,True,True,True
deterministic_path,compact10_plus_top_08,2.500000,2.5,8,18,2,True,-7.966247537230155,4.483302618041307e-10,-7.9690746235741745,0.002827086344019847,False,False,True
deterministic_path,compact10_plus_top_08,3.000000,3.0,8,18,2,True,-7.942658389231729,3.129432712967173e-09,-7.949505082865738,0.006846693634008361,False,False,True
deterministic_path,compact10_plus_top_09,1.595000,1.595,9,19,2,True,-7.997391546841564,6.076028569168557e-11,-7.998002039295045,0.00061049245348066,True,True,True
deterministic_path,compact10_plus_top_09,2.500000,2.5,9,19,2,True,-7.966273183229095,1.332685073407447e-10,-7.9690746235741745,0.0028014403450793424,False,False,True
deterministic_path,compact10_plus_top_09,3.000000,3.0,9,19,2,True,-7.942664874282808,3.560671757441014e-10,-7.949505082865738,0.006840208582929996,False,False,True
deterministic_path,compact10_plus_top_10,1.595000,1.595,10,20,2,True,-7.997391616597938,1.781064185024661e-10,-7.998002039295045,0.0006104226971066495,True,True,True
deterministic_path,compact10_plus_top_10,2.500000,2.5,10,20,2,True,-7.966298590585119,1.893223355864393e-10,-7.9690746235741745,0.002776032989055821,False,False,True
deterministic_path,compact10_plus_top_10,3.000000,3.0,10,20,2,True,-7.942671285238151,3.979572227308381e-10,-7.949505082865738,0.006833797627586513,False,False,True
deterministic_path,compact10_plus_top_11,1.595000,1.595,11,21,2,True,-7.997418311492378,9.063860773039778e-12,-7.998002039295045,0.0005837278026668002,True,True,True
deterministic_path,compact10_plus_top_11,2.500000,2.5,11,21,2,True,-7.966365387648489,2.4783730623312294e-11,-7.9690746235741745,0.0027092359256855048,False,False,True
deterministic_path,compact10_plus_top_11,3.000000,3.0,11,21,2,True,-7.942787616715419,5.675397929394421e-10,-7.949505082865738,0.00671746615031843,False,False,True
deterministic_path,compact10_plus_top_12,1.595000,1.595,12,22,2,True,-7.99744473478067,2.022115808131275e-11,-7.998002039295045,0.0005573045143751898,True,True,True
deterministic_path,compact10_plus_top_12,2.500000,2.5,12,22,2,True,-7.966431930586102,7.124700829308495e-11,-7.9690746235741745,0.0026426929880720706,False,False,True
deterministic_path,compact10_plus_top_12,3.000000,3.0,12,22,2,True,-7.942902916665525,1.6084911180769268e-10,-7.949505082865738,0.0066021662002127,False,False,True
deterministic_path,compact10_plus_top_13,1.595000,1.595,13,23,2,True,-7.997461514002463,2.3972450691189806e-09,-7.998002039295045,0.0005405252925818615,True,True,True
deterministic_path,compact10_plus_top_13,2.500000,2.5,13,23,2,True,-7.966440790279573,6.5121774639465e-10,-7.9690746235741745,0.0026338332946016507,False,False,True
deterministic_path,compact10_plus_top_13,3.000000,3.0,13,23,2,True,-7.942908703301039,1.6059535923318435e-09,-7.949505082865738,0.006596379564698829,False,False,True
deterministic_path,compact10_plus_top_14,1.595000,1.595,14,24,2,True,-7.997478067122432,2.4081332483660844e-09,-7.998002039295045,0.0005239721726129076,True,True,True
deterministic_path,compact10_plus_top_14,2.500000,2.5,14,24,2,True,-7.966449413569134,8.714078347793475e-10,-7.9690746235741745,0.002625210005040124,False,False,True
deterministic_path,compact10_plus_top_14,3.000000,3.0,14,24,2,True,-7.942914440969288,2.6155078103329288e-11,-7.949505082865738,0.006590641896449867,False,False,True
deterministic_path,compact10_plus_top_15,1.595000,1.595,15,25,2,True,-7.997480255892475,5.859757123971576e-11,-7.998002039295045,0.0005217834025703638,True,True,True
deterministic_path,compact10_plus_top_15,2.500000,2.5,15,25,2,True,-7.966450832496897,1.3087220196439375e-10,-7.9690746235741745,0.002623791077277282,False,False,True
deterministic_path,compact10_plus_top_15,3.000000,3.0,15,25,2,True,-7.942918690486113,1.638564839367973e-10,-7.949505082865738,0.0065863923796243284,False,False,True
deterministic_path,compact10_plus_top_16,1.595000,1.595,16,26,2,True,-7.997482386050947,8.920579830373754e-10,-7.998002039295045,0.0005196532440976398,True,True,True
deterministic_path,compact10_plus_top_16,2.500000,2.5,16,26,2,True,-7.966452237083695,5.101039590726941e-10,-7.9690746235741745,0.0026223864904793004,False,False,True
deterministic_path,compact10_plus_top_16,3.000000,3.0,16,26,2,True,-7.942922884394863,9.084919483370868e-10,-7.949505082865738,0.006582198470874268,False,False,True
deterministic_path,compact10_plus_top_17,1.595000,1.595,17,27,2,True,-7.997484564174627,6.792344464656708e-11,-7.998002039295045,0.0005174751204179984,True,True,True
deterministic_path,compact10_plus_top_17,2.500000,2.5,17,27,2,True,-7.9664537139936735,1.0687717377777517e-10,-7.9690746235741745,0.002620909580500985,False,False,True
deterministic_path,compact10_plus_top_17,3.000000,3.0,17,27,2,True,-7.942927233596767,7.709033411629207e-11,-7.949505082865738,0.006577849268970759,False,False,True
deterministic_path,compact10_plus_top_18,1.595000,1.595,18,28,2,True,-7.997486683985804,2.0087842500515762e-10,-7.998002039295045,0.0005153553092407392,True,True,True
deterministic_path,compact10_plus_top_18,2.500000,2.5,18,28,2,True,-7.966455176495919,3.604760934194928e-11,-7.9690746235741745,0.0026194470782554546,False,False,True
deterministic_path,compact10_plus_top_18,3.000000,3.0,18,28,2,True,-7.942931527215163,5.851656936783911e-10,-7.949505082865738,0.006573555650574825,False,False,True
deterministic_path,compact10_plus_top_19,1.595000,1.595,19,29,2,True,-7.9975059869220155,1.4813990034667768e-09,-7.998002039295045,0.0004960523730295208,True,True,True
deterministic_path,compact10_plus_top_19,2.500000,2.5,19,29,2,True,-7.966792995792678,4.860902791392618e-10,-7.9690746235741745,0.0022816277814960984,False,False,True
deterministic_path,compact10_plus_top_19,3.000000,3.0,19,29,2,True,-7.943948018138627,3.0103830539474075e-10,-7.949505082865738,0.005557064727110372,False,False,True
deterministic_path,compact10_plus_top_20,1.595000,1.595,20,30,2,True,-7.997525110956772,1.5042322942804276e-09,-7.998002039295045,0.00047692833827284176,True,True,True
deterministic_path,compact10_plus_top_20,2.500000,2.5,20,30,2,True,-7.96711332225363,3.162190509442553e-10,-7.9690746235741745,0.001961301320544173,False,False,True
deterministic_path,compact10_plus_top_20,3.000000,3.0,20,30,2,True,-7.944838197040533,1.5569323608133345e-10,-7.949505082865738,0.004666885825204581,False,False,True
deterministic_path,compact10_plus_top_21,1.595000,1.595,21,31,2,True,-7.997527108988775,7.515881250697021e-10,-7.998002039295045,0.00047493030626988286,True,True,True
deterministic_path,compact10_plus_top_21,2.500000,2.5,21,31,2,True,-7.9671616342226175,3.604307963200881e-10,-7.9690746235741745,0.0019129893515570373,False,False,True
deterministic_path,compact10_plus_top_21,3.000000,3.0,21,31,2,True,-7.944842181961001,3.107558654846798e-11,-7.949505082865738,0.004662900904736311,False,False,True
deterministic_path,compact10_plus_top_22,1.595000,1.595,22,32,2,True,-7.997529026914018,4.298854605622182e-10,-7.998002039295045,0.0004730123810272602,True,True,True
deterministic_path,compact10_plus_top_22,2.500000,2.5,22,32,2,True,-7.9672085199627665,2.97921687320013e-11,-7.9690746235741745,0.0018661036114080432,False,False,True
deterministic_path,compact10_plus_top_22,3.000000,3.0,22,32,2,True,-7.944846030730112,4.239550932538805e-10,-7.949505082865738,0.004659052135625785,False,False,True
deterministic_path,compact10_plus_top_23,1.595000,1.595,23,33,2,True,-7.997531441014964,1.375717317841918e-10,-7.998002039295045,0.0004705982800814468,True,True,True
deterministic_path,compact10_plus_top_23,2.500000,2.5,23,33,2,True,-7.967212497431106,8.544542851041115e-11,-7.9690746235741745,0.0018621261430684655,False,False,True
deterministic_path,compact10_plus_top_23,3.000000,3.0,23,33,2,True,-7.944851553220072,3.851141627819743e-11,-7.949505082865738,0.004653529645665344,False,False,True
deterministic_path,compact10_plus_top_24,1.595000,1.595,24,34,2,True,-7.997533824330683,8.207123869397037e-11,-7.998002039295045,0.0004682149643624456,True,True,True
deterministic_path,compact10_plus_top_24,2.500000,2.5,24,34,2,True,-7.96721644513841,1.4417000926414403e-10,-7.9690746235741745,0.0018581784357643016,False,False,True
deterministic_path,compact10_plus_top_24,3.000000,3.0,24,34,2,True,-7.944857045562353,3.256612757240873e-10,-7.949505082865738,0.004648037303384811,False,False,True
deterministic_path,compact10_plus_top_25,1.595000,1.595,25,35,2,True,-7.997534407898938,9.367582265440433e-10,-7.998002039295045,0.000467631396107393,True,True,True
deterministic_path,compact10_plus_top_25,2.500000,2.5,25,35,2,True,-7.967217200155271,5.5420557032448414e-11,-7.9690746235741745,0.0018574234189037142,False,False,True
deterministic_path,compact10_plus_top_25,3.000000,3.0,25,35,2,True,-7.9448585975316055,7.30171478835473e-11,-7.949505082865738,0.004646485334132144,False,False,True
deterministic_path,compact10_plus_top_26,1.595000,1.595,26,36,2,True,-7.997534981096736,2.731148640577885e-12,-7.998002039295045,0.000467058198308834,True,True,True
deterministic_path,compact10_plus_top_26,2.500000,2.5,26,36,2,True,-7.967217940207413,2.5908164502652653e-11,-7.9690746235741745,0.0018566833667614802,False,False,True
deterministic_path,compact10_plus_top_26,3.000000,3.0,26,36,2,True,-7.94486011825913,1.3801404463720246e-10,-7.949505082865738,0.004644964606607793,False,False,True
deterministic_path,compact10_plus_top_27,1.595000,1.595,27,37,2,True,-7.9975367889546956,1.1586775983118969e-09,-7.998002039295045,0.00046525034034949897,True,True,True
deterministic_path,compact10_plus_top_27,2.500000,2.5,27,37,2,True,-7.967219828351208,4.68229899297512e-11,-7.9690746235741745,0.0018547952229663878,False,False,True
deterministic_path,compact10_plus_top_27,3.000000,3.0,27,37,2,True,-7.944860177870233,1.3073631066617963e-10,-7.949505082865738,0.0046449049955050725,False,False,True
deterministic_path,compact10_plus_top_28,1.595000,1.595,28,38,2,True,-7.997537405670638,3.185629537938439e-11,-7.998002039295045,0.0004646336244071847,True,True,True
deterministic_path,compact10_plus_top_28,2.500000,2.5,28,38,2,True,-7.9672230069323735,7.721201455979099e-11,-7.9690746235741745,0.0018516166418010016,False,False,True
deterministic_path,compact10_plus_top_28,3.000000,3.0,28,38,2,True,-7.944862653749064,1.2612133559741778e-12,-7.949505082865738,0.004642429116673341,False,False,True
deterministic_path,compact10_plus_top_29,1.595000,1.595,29,39,2,True,-7.9975380154598055,1.9239720927544113e-11,-7.998002039295045,0.0004640238352395798,True,True,True
deterministic_path,compact10_plus_top_29,2.500000,2.5,29,39,2,True,-7.967226143419072,5.114042522791351e-11,-7.9690746235741745,0.0018484801551021945,False,False,True
deterministic_path,compact10_plus_top_29,3.000000,3.0,29,39,2,True,-7.944865110114529,6.064482249712455e-12,-7.949505082865738,0.004639972751208532,False,False,True
deterministic_path,compact10_plus_top_30,1.595000,1.595,30,40,2,True,-7.997538655024701,1.5066170533373224e-11,-7.998002039295045,0.0004633842703443136,True,True,True
deterministic_path,compact10_plus_top_30,2.500000,2.5,30,40,2,True,-7.967229312121836,9.0318064138728e-10,-7.9690746235741745,0.0018453114523389047,False,False,True
deterministic_path,compact10_plus_top_30,3.000000,3.0,30,40,2,True,-7.944867620966464,2.268718546361015e-10,-7.949505082865738,0.004637461899273276,False,False,True
deterministic_path,compact10_plus_top_31,1.595000,1.595,31,41,2,True,-7.997539287983628,5.67315083799258e-10,-7.998002039295045,0.00046275131141726433,True,True,True
deterministic_path,compact10_plus_top_31,2.500000,2.5,31,41,2,True,-7.967232438800256,9.799272504551482e-12,-7.9690746235741745,0.0018421847739187314,False,False,True
deterministic_path,compact10_plus_top_31,3.000000,3.0,31,41,2,True,-7.94487011260517,3.7778669081944827e-11,-7.949505082865738,0.0046349702605672505,False,False,True
deterministic_path,compact10_plus_top_32,1.595000,1.595,32,42,2,True,-7.997564216158039,3.345768107010372e-10,-7.998002039295045,0.00043782313700635456,True,True,True
deterministic_path,compact10_plus_top_32,2.500000,2.5,32,42,2,True,-7.967355238487513,4.014122367834716e-11,-7.9690746235741745,0.0017193850866616955,False,False,True
deterministic_path,compact10_plus_top_32,3.000000,3.0,32,42,2,True,-7.945227532823533,2.561666434530707e-10,-7.949505082865738,0.0042775500422047585,False,False,True
deterministic_path,compact10_plus_top_33,1.595000,1.595,33,43,2,True,-7.99758881036005,2.2426771550954072e-10,-7.998002039295045,0.00041322893499540214,True,True,True
deterministic_path,compact10_plus_top_33,2.500000,2.5,33,43,2,True,-7.967471321028401,6.148592746058057e-11,-7.9690746235741745,0.0016033025457735661,False,False,True
deterministic_path,compact10_plus_top_33,3.000000,3.0,33,43,2,True,-7.945553810265012,3.2802205396365025e-11,-7.949505082865738,0.003951272600725808,False,False,True
deterministic_path,compact10_plus_top_34,1.595000,1.595,34,44,2,True,-7.997618547015741,2.05675476649958e-11,-7.998002039295045,0.0003834922793037876,True,True,True
deterministic_path,compact10_plus_top_34,2.500000,2.5,34,44,2,True,-7.967659020028175,1.475077837653771e-10,-7.9690746235741745,0.0014156035459995664,True,False,True
deterministic_path,compact10_plus_top_34,3.000000,3.0,34,44,2,True,-7.945796146269982,3.724824892969991e-10,-7.949505082865738,0.003708936595755219,False,False,True
deterministic_path,compact10_plus_top_35,1.595000,1.595,35,45,2,True,-7.997644539860314,3.267253134708881e-11,-7.998002039295045,0.0003574994347310678,True,True,True
deterministic_path,compact10_plus_top_35,2.500000,2.5,35,45,2,True,-7.967827883277348,1.1216449991025002e-10,-7.9690746235741745,0.0012467402968265873,True,False,True
deterministic_path,compact10_plus_top_35,3.000000,3.0,35,45,2,True,-7.946019624541435,3.7988456824677996e-10,-7.949505082865738,0.0034854583243024706,False,False,True
deterministic_path,compact10_plus_top_36,1.595000,1.595,36,46,2,True,-7.997828026688407,3.979927498676261e-11,-7.998002039295045,0.00017401260663785223,True,True,True
deterministic_path,compact10_plus_top_36,2.500000,2.5,36,46,2,True,-7.968494604223238,5.499876110093282e-10,-7.9690746235741745,0.0005800193509362117,True,True,True
deterministic_path,compact10_plus_top_36,3.000000,3.0,36,46,2,True,-7.948041688108792,8.052758460053155e-11,-7.949505082865738,0.0014633947569455685,True,False,True
deterministic_path,compact10_plus_top_37,1.595000,1.595,37,47,2,True,-7.9980020392207605,4.858335955759685e-11,-7.998002039295045,7.428457848845937e-11,True,True,True
deterministic_path,compact10_plus_top_37,2.500000,2.5,37,47,2,True,-7.969074623142736,1.0797229776926542e-10,-7.9690746235741745,4.3143888461827373e-10,True,True,True
deterministic_path,compact10_plus_top_37,3.000000,3.0,37,47,2,True,-7.949505082745977,8.736478207538312e-11,-7.949505082865738,1.1976108993394519e-10,True,True,True
