bond_length_angstrom,geometry_key,omitted_operator_label,omitted_operator_type,num_parameters,num_unique_initializations,num_valid_initializations,all_runs_valid,source_roles_json,rescue_data_included,all_run_energy_stable,optimizer_basin_sensitive,num_energy_basins,all_run_energy_spread_ha,best_basin_reproducible,best_basin_num_initializations,best_basin_energy_range_ha,best_basin_energy_sample_std_ha,energy_basins_json,compact10_baseline_energy_ha,exact_total_energy_ha,best_leave_one_out_energy_ha,worst_leave_one_out_energy_ha,best_leave_one_out_error_exact_ha,best_energy_penalty_vs_compact10_ha,worst_energy_penalty_vs_compact10_ha,chemical_classification_stable,chemical_accuracy_retained,good_classification_stable,good_accuracy_retained,acceptable_classification_stable,acceptable_accuracy_retained,strict_classification_stable,strict_equivalence_retained,operator_required_for_chemical_accuracy,operator_required_for_strict_equivalence,primary_threshold_classifications_stable,scientifically_resolved,final_resolution_status
1.595,1.595000,D0,double,9,2,2,True,"[""base""]",False,True,False,1,2.7532642832284182e-11,True,2,2.7532642832284182e-11,1.9468518450695337e-11,"[{""basin_rank"": 1, ""best_absolute_error_ha"": 0.0007363179281076881, ""energy_max_ha"": -7.881438187811644, ""energy_mean_ha"": -7.88143818782541, ""energy_min_ha"": -7.881438187839176, ""energy_range_ha"": 2.7532642832284182e-11, ""energy_sample_std_ha"": 1.9468518450695337e-11, ""initialization_identities"": [""random_confirmation|uniform_random|seed=20670747"", ""warm_start|compact10_parameter_deletion_warm_start|deterministic""], ""num_initializations"": 2}]",-7.882174505722373,-7.882174505767284,-7.881438187839176,-7.881438187811644,0.0007363179281076881,0.0007363178831969464,0.0007363179107295892,True,True,True,True,True,True,True,False,False,True,True,True,all_initializations_energy_and_threshold_stable
1.595,1.595000,D10,double,9,2,2,True,"[""base""]",False,True,False,1,2.2183144210430328e-11,True,2,2.2183144210430328e-11,1.5685851699234385e-11,"[{""basin_rank"": 1, ""best_absolute_error_ha"": 0.0005069541534474808, ""energy_max_ha"": -7.881667551591653, ""energy_mean_ha"": -7.881667551602745, ""energy_min_ha"": -7.881667551613837, ""energy_range_ha"": 2.2183144210430328e-11, ""energy_sample_std_ha"": 1.5685851699234385e-11, ""initialization_identities"": [""random_confirmation|uniform_random|seed=20970756"", ""warm_start|compact10_parameter_deletion_warm_start|deterministic""], ""num_initializations"": 2}]",-7.882174505722373,-7.882174505767284,-7.881667551613837,-7.881667551591653,0.0005069541534474808,0.0005069541085367391,0.0005069541307198833,True,True,True,True,True,True,True,False,False,True,True,True,all_initializations_energy_and_threshold_stable
1.595,1.595000,D12,double,9,2,2,True,"[""base""]",False,True,False,1,4.0681058521840896e-10,True,2,4.0681058521840896e-10,2.8765852346640483e-10,"[{""basin_rank"": 1, ""best_absolute_error_ha"": 0.002047917751011319, ""energy_max_ha"": -7.880126587609462, ""energy_mean_ha"": -7.8801265878128675, ""energy_min_ha"": -7.880126588016273, ""energy_range_ha"": 4.0681058521840896e-10, ""energy_sample_std_ha"": 2.8765852346640483e-10, ""initialization_identities"": [""random_confirmation|uniform_random|seed=21070759"", ""warm_start|compact10_parameter_deletion_warm_start|deterministic""], ""num_initializations"": 2}]",-7.882174505722373,-7.882174505767284,-7.880126588016273,-7.880126587609462,0.002047917751011319,0.002047917706100577,0.0020479181129111623,True,False,True,True,True,True,True,False,True,True,True,True,all_initializations_energy_and_threshold_stable
1.595,1.595000,D15,double,9,2,2,True,"[""base""]",False,True,False,1,2.6687985155149363e-11,True,2,2.6687985155149363e-11,1.887125527941203e-11,"[{""basin_rank"": 1, ""best_absolute_error_ha"": 0.013589528629924352, ""energy_max_ha"": -7.868584977110672, ""energy_mean_ha"": -7.868584977124016, ""energy_min_ha"": -7.86858497713736, ""energy_range_ha"": 2.6687985155149363e-11, ""energy_sample_std_ha"": 1.887125527941203e-11, ""initialization_identities"": [""random_confirmation|uniform_random|seed=21170762"", ""warm_start|compact10_parameter_deletion_warm_start|deterministic""], ""num_initializations"": 2}]",-7.882174505722373,-7.882174505767284,-7.86858497713736,-7.868584977110672,0.013589528629924352,0.01358952858501361,0.013589528611701596,True,False,True,False,True,False,True,False,True,True,True,True,all_initializations_energy_and_threshold_stable
1.595,1.595000,D3,double,9,2,2,True,"[""base""]",False,True,False,1,5.354827692372055e-12,True,2,5.354827692372055e-12,3.786434973361792e-12,"[{""basin_rank"": 1, ""best_absolute_error_ha"": 0.002047917744923744, ""energy_max_ha"": -7.8801265880170055, ""energy_mean_ha"": -7.880126588019683, ""energy_min_ha"": -7.88012658802236, ""energy_range_ha"": 5.354827692372055e-12, ""energy_sample_std_ha"": 3.786434973361792e-12, ""initialization_identities"": [""random_confirmation|uniform_random|seed=20770750"", ""warm_start|compact10_parameter_deletion_warm_start|deterministic""], ""num_initializations"": 2}]",-7.882174505722373,-7.882174505767284,-7.88012658802236,-7.8801265880170055,0.002047917744923744,0.0020479177000130022,0.00204791770536783,True,False,True,True,True,True,True,False,True,True,True,True,all_initializations_energy_and_threshold_stable
1.595,1.595000,D5,double,9,2,2,True,"[""base""]",False,True,False,1,9.878498019588733e-11,True,2,9.878498019588733e-11,6.985152937589073e-11,"[{""basin_rank"": 1, ""best_absolute_error_ha"": 0.0005069540924305116, ""energy_max_ha"": -7.881667551576069, ""energy_mean_ha"": -7.881667551625461, ""energy_min_ha"": -7.8816675516748536, ""energy_range_ha"": 9.878498019588733e-11, ""energy_sample_std_ha"": 6.985152937589073e-11, ""initialization_identities"": [""random_confirmation|uniform_random|seed=20870753"", ""warm_start|compact10_parameter_deletion_warm_start|deterministic""], ""num_initializations"": 2}]",-7.882174505722373,-7.882174505767284,-7.8816675516748536,-7.881667551576069,0.0005069540924305116,0.0005069540475197698,0.00050695414630475,True,True,True,True,True,True,True,False,False,True,True,True,all_initializations_energy_and_threshold_stable
1.595,1.595000,S0,single,9,2,2,True,"[""base""]",False,True,False,1,3.283506799789393e-11,True,2,3.283506799789393e-11,2.321789924203219e-11,"[{""basin_rank"": 1, ""best_absolute_error_ha"": 0.00019498142118923312, ""energy_max_ha"": -7.88197952431326, ""energy_mean_ha"": -7.881979524329678, ""energy_min_ha"": -7.881979524346095, ""energy_range_ha"": 3.283506799789393e-11, ""energy_sample_std_ha"": 2.321789924203219e-11, ""initialization_identities"": [""random_confirmation|uniform_random|seed=20270735"", ""warm_start|compact10_parameter_deletion_warm_start|deterministic""], ""num_initializations"": 2}]",-7.882174505722373,-7.882174505767284,-7.881979524346095,-7.88197952431326,0.00019498142118923312,0.00019498137627849133,0.00019498140911355932,True,True,True,True,True,True,True,False,False,True,True,True,all_initializations_energy_and_threshold_stable
1.595,1.595000,S3,single,9,2,2,True,"[""base""]",False,True,False,1,4.318945201475799e-11,True,2,4.318945201475799e-11,3.0539554395366373e-11,"[{""basin_rank"": 1, ""best_absolute_error_ha"": 6.338054396870518e-06, ""energy_max_ha"": -7.882168167669698, ""energy_mean_ha"": -7.882168167691292, ""energy_min_ha"": -7.882168167712887, ""energy_range_ha"": 4.318945201475799e-11, ""energy_sample_std_ha"": 3.0539554395366373e-11, ""initialization_identities"": [""random_confirmation|uniform_random|seed=20370738"", ""warm_start|compact10_parameter_deletion_warm_start|deterministic""], ""num_initializations"": 2}]",-7.882174505722373,-7.882174505767284,-7.882168167712887,-7.882168167669698,6.338054396870518e-06,6.338009486128726e-06,6.338052675580741e-06,True,True,True,True,True,True,True,False,False,True,True,True,all_initializations_energy_and_threshold_stable
1.595,1.595000,S4,single,9,2,2,True,"[""base""]",False,True,False,1,5.222489107836736e-12,True,2,5.222489107836736e-12,3.692857462824239e-12,"[{""basin_rank"": 1, ""best_absolute_error_ha"": 0.00019498143627227904, ""energy_max_ha"": -7.881979524325789, ""energy_mean_ha"": -7.8819795243284005, ""energy_min_ha"": -7.881979524331012, ""energy_range_ha"": 5.222489107836736e-12, ""energy_sample_std_ha"": 3.692857462824239e-12, ""initialization_identities"": [""random_confirmation|uniform_random|seed=20470741"", ""warm_start|compact10_parameter_deletion_warm_start|deterministic""], ""num_initializations"": 2}]",-7.882174505722373,-7.882174505767284,-7.881979524331012,-7.881979524325789,0.00019498143627227904,0.00019498139136153725,0.00019498139658402636,True,True,True,True,True,True,True,False,False,True,True,True,all_initializations_energy_and_threshold_stable
1.595,1.595000,S7,single,9,2,2,True,"[""base""]",False,True,False,1,1.142304029144725e-10,True,2,1.142304029144725e-10,8.077309251849507e-11,"[{""basin_rank"": 1, ""best_absolute_error_ha"": 6.338055709598223e-06, ""energy_max_ha"": -7.882168167597344, ""energy_mean_ha"": -7.882168167654459, ""energy_min_ha"": -7.8821681677115745, ""energy_range_ha"": 1.142304029144725e-10, ""energy_sample_std_ha"": 8.077309251849507e-11, ""initialization_identities"": [""random_confirmation|uniform_random|seed=20570744"", ""warm_start|compact10_parameter_deletion_warm_start|deterministic""], ""num_initializations"": 2}]",-7.882174505722373,-7.882174505767284,-7.8821681677115745,-7.882168167597344,6.338055709598223e-06,6.3380107988564305e-06,6.338125029259345e-06,True,True,True,True,True,True,True,False,False,True,True,True,all_initializations_energy_and_threshold_stable
2.5,2.500000,D0,double,9,5,5,True,"[""base"", ""rescue_1""]",True,False,True,2,7.4736811148667925e-06,True,3,4.412203935544312e-11,2.5244036025712442e-11,"[{""basin_rank"": 1, ""best_absolute_error_ha"": 0.006912055333099687, ""energy_max_ha"": -7.816514884474675, ""energy_mean_ha"": -7.81651488450382, ""energy_min_ha"": -7.816514884518797, ""energy_range_ha"": 4.412203935544312e-11, ""energy_sample_std_ha"": 2.5244036025712442e-11, ""initialization_identities"": [""random_confirmation|uniform_random|seed=20680754"", ""random_confirmation|uniform_random|seed=20690761"", ""random_confirmation|uniform_random|seed=21670750""], ""num_initializations"": 3}, {""basin_rank"": 2, ""best_absolute_error_ha"": 0.006919466751707404, ""energy_max_ha"": -7.816507410837682, ""energy_mean_ha"": -7.816507441968939, ""energy_min_ha"": -7.816507473100196, ""energy_range_ha"": 6.226251425545115e-08, ""energy_sample_std_ha"": 4.402624604375359e-08, ""initialization_identities"": [""random_confirmation|uniform_random|seed=20670747"", ""warm_start|compact10_parameter_deletion_warm_start|deterministic""], ""num_initializations"": 2}]",-7.823426939826305,-7.823426939851903,-7.816514884518797,-7.816507410837682,0.006912055333099687,0.006912055307508602,0.006919528988623469,True,False,True,False,True,True,True,False,True,True,True,True,reproducible_best_basin_with_stable_primary_thresholds
2.5,2.500000,D10,double,9,2,2,True,"[""base""]",False,True,False,1,5.915374856613198e-10,True,2,5.915374856613198e-10,4.1828016743715935e-10,"[{""basin_rank"": 1, ""best_absolute_error_ha"": 0.00017278903581718907, ""energy_max_ha"": -7.823254150224542, ""energy_mean_ha"": -7.82325415052031, ""energy_min_ha"": -7.823254150816079, ""energy_range_ha"": 5.915374856613198e-10, ""energy_sample_std_ha"": 4.1828016743715935e-10, ""initialization_identities"": [""random_confirmation|uniform_random|seed=21970759"", ""warm_start|compact10_parameter_deletion_warm_start|deterministic""], ""num_initializations"": 2}]",-7.823426939826305,-7.823426939851896,-7.823254150816079,-7.823254150224542,0.00017278903581718907,0.00017278901022610427,0.00017278960176358993,True,True,True,True,True,True,True,False,False,True,True,True,all_initializations_energy_and_threshold_stable
2.5,2.500000,D12,double,9,2,2,True,"[""base""]",False,True,False,1,1.014388573139513e-11,True,2,1.014388573139513e-11,7.172810388250958e-12,"[{""basin_rank"": 1, ""best_absolute_error_ha"": 0.0073836191527911765, ""energy_max_ha"": -7.816043320688961, ""energy_mean_ha"": -7.816043320694034, ""energy_min_ha"": -7.816043320699105, ""energy_range_ha"": 1.014388573139513e-11, ""energy_sample_std_ha"": 7.172810388250958e-12, ""initialization_identities"": [""random_confirmation|uniform_random|seed=22070762"", ""warm_start|compact10_parameter_deletion_warm_start|deterministic""], ""num_initializations"": 2}]",-7.823426939826305,-7.823426939851896,-7.816043320699105,-7.816043320688961,0.0073836191527911765,0.007383619127200092,0.0073836191373439775,True,False,True,False,True,True,True,False,True,True,True,True,all_initializations_energy_and_threshold_stable
2.5,2.500000,D15,double,9,2,2,True,"[""base""]",False,True,False,1,9.082414820227314e-10,True,2,9.082414820227314e-10,6.422237108931931e-10,"[{""basin_rank"": 1, ""best_absolute_error_ha"": 0.018942532253367617, ""energy_max_ha"": -7.804484406690287, ""energy_mean_ha"": -7.8044844071444075, ""energy_min_ha"": -7.804484407598529, ""energy_range_ha"": 9.082414820227314e-10, ""energy_sample_std_ha"": 6.422237108931931e-10, ""initialization_identities"": [""random_confirmation|uniform_random|seed=22170765"", ""warm_start|compact10_parameter_deletion_warm_start|deterministic""], ""num_initializations"": 2}]",-7.823426939826305,-7.823426939851896,-7.804484407598529,-7.804484406690287,0.018942532253367617,0.018942532227776532,0.018942533136018014,True,False,True,False,True,False,True,False,True,True,True,True,all_initializations_energy_and_threshold_stable
2.5,2.500000,D3,double,9,2,2,True,"[""base""]",False,True,False,1,1.4923173807801504e-11,True,2,1.4923173807801504e-11,1.0552277396321915e-11,"[{""basin_rank"": 1, ""best_absolute_error_ha"": 0.007383619142463438, ""energy_max_ha"": -7.81604332069451, ""energy_mean_ha"": -7.816043320701971, ""energy_min_ha"": -7.816043320709433, ""energy_range_ha"": 1.4923173807801504e-11, ""energy_sample_std_ha"": 1.0552277396321915e-11, ""initialization_identities"": [""random_confirmation|uniform_random|seed=21770753"", ""warm_start|compact10_parameter_deletion_warm_start|deterministic""], ""num_initializations"": 2}]",-7.823426939826305,-7.823426939851896,-7.816043320709433,-7.81604332069451,0.007383619142463438,0.007383619116872353,0.007383619131795527,True,False,True,False,True,True,True,False,True,True,True,True,all_initializations_energy_and_threshold_stable
2.5,2.500000,D5,double,9,2,2,True,"[""base""]",False,True,False,1,5.979741146688866e-10,True,2,5.979741146688866e-10,4.228315514563919e-10,"[{""basin_rank"": 1, ""best_absolute_error_ha"": 0.00017278904018169783, ""energy_max_ha"": -7.8232541502137405, ""energy_mean_ha"": -7.823254150512728, ""energy_min_ha"": -7.823254150811715, ""energy_range_ha"": 5.979741146688866e-10, ""energy_sample_std_ha"": 4.228315514563919e-10, ""initialization_identities"": [""random_confirmation|uniform_random|seed=21870756"", ""warm_start|compact10_parameter_deletion_warm_start|deterministic""], ""num_initializations"": 2}]",-7.823426939826305,-7.823426939851896,-7.823254150811715,-7.8232541502137405,0.00017278904018169783,0.00017278901459061302,0.0001727896125647277,True,True,True,True,True,True,True,False,False,True,True,True,all_initializations_energy_and_threshold_stable
2.5,2.500000,S0,single,9,2,2,True,"[""base""]",False,True,False,1,4.906297590423492e-11,True,2,4.906297590423492e-11,3.46927629670767e-11,"[{""basin_rank"": 1, ""best_absolute_error_ha"": 0.000834279138641314, ""energy_max_ha"": -7.822592660664192, ""energy_mean_ha"": -7.8225926606887235, ""energy_min_ha"": -7.822592660713255, ""energy_range_ha"": 4.906297590423492e-11, ""energy_sample_std_ha"": 3.46927629670767e-11, ""initialization_identities"": [""random_confirmation|uniform_random|seed=21270738"", ""warm_start|compact10_parameter_deletion_warm_start|deterministic""], ""num_initializations"": 2}]",-7.823426939826305,-7.823426939851896,-7.822592660713255,-7.822592660664192,0.000834279138641314,0.0008342791130502292,0.0008342791621132051,True,True,True,True,True,True,True,False,False,True,True,True,all_initializations_energy_and_threshold_stable
2.5,2.500000,S3,single,9,2,2,True,"[""base""]",False,True,False,1,3.1747937612180976e-11,True,2,3.1747937612180976e-11,2.2449181974260615e-11,"[{""basin_rank"": 1, ""best_absolute_error_ha"": 5.603592840142113e-05, ""energy_max_ha"": -7.823370903891747, ""energy_mean_ha"": -7.823370903907621, ""energy_min_ha"": -7.823370903923495, ""energy_range_ha"": 3.1747937612180976e-11, ""energy_sample_std_ha"": 2.2449181974260615e-11, ""initialization_identities"": [""random_confirmation|uniform_random|seed=21370741"", ""warm_start|compact10_parameter_deletion_warm_start|deterministic""], ""num_initializations"": 2}]",-7.823426939826305,-7.823426939851896,-7.823370903923495,-7.823370903891747,5.603592840142113e-05,5.6035902810336324e-05,5.6035934558273937e-05,True,True,True,True,True,True,True,False,False,True,True,True,all_initializations_energy_and_threshold_stable
2.5,2.500000,S4,single,9,2,2,True,"[""base""]",False,True,False,1,2.723155034800584e-12,True,2,2.723155034800584e-12,1.9255613913297817e-12,"[{""basin_rank"": 1, ""best_absolute_error_ha"": 0.0008342791411575234, ""energy_max_ha"": -7.822592660708016, ""energy_mean_ha"": -7.822592660709377, ""energy_min_ha"": -7.822592660710739, ""energy_range_ha"": 2.723155034800584e-12, ""energy_sample_std_ha"": 1.9255613913297817e-12, ""initialization_identities"": [""random_confirmation|uniform_random|seed=21470744"", ""warm_start|compact10_parameter_deletion_warm_start|deterministic""], ""num_initializations"": 2}]",-7.823426939826305,-7.823426939851896,-7.822592660710739,-7.822592660708016,0.0008342791411575234,0.0008342791155664386,0.0008342791182895937,True,True,True,True,True,True,True,False,False,True,True,True,all_initializations_energy_and_threshold_stable
2.5,2.500000,S7,single,9,2,2,True,"[""base""]",False,True,False,1,3.7414871201235655e-10,True,2,3.7414871201235655e-10,2.6456309143614997e-10,"[{""basin_rank"": 1, ""best_absolute_error_ha"": 5.603596907732822e-05, ""energy_max_ha"": -7.82337090350867, ""energy_mean_ha"": -7.823370903695745, ""energy_min_ha"": -7.823370903882819, ""energy_range_ha"": 3.7414871201235655e-10, ""energy_sample_std_ha"": 2.6456309143614997e-10, ""initialization_identities"": [""random_confirmation|uniform_random|seed=21570747"", ""warm_start|compact10_parameter_deletion_warm_start|deterministic""], ""num_initializations"": 2}]",-7.823426939826305,-7.823426939851896,-7.823370903882819,-7.82337090350867,5.603596907732822e-05,5.603594348624341e-05,5.6036317634955424e-05,True,True,True,True,True,True,True,False,False,True,True,True,all_initializations_energy_and_threshold_stable
3.0,3.000000,D0,double,9,2,2,True,"[""base""]",False,True,False,1,2.2381207998023456e-10,True,2,2.2381207998023456e-10,1.582590394654898e-10,"[{""basin_rank"": 1, ""best_absolute_error_ha"": 0.0076794625238365555, ""energy_max_ha"": -7.790824759814339, ""energy_mean_ha"": -7.790824759926245, ""energy_min_ha"": -7.790824760038151, ""energy_range_ha"": 2.2381207998023456e-10, ""energy_sample_std_ha"": 1.582590394654898e-10, ""initialization_identities"": [""random_confirmation|uniform_random|seed=22670753"", ""warm_start|compact10_parameter_deletion_warm_start|deterministic""], ""num_initializations"": 2}]",-7.79850422251292,-7.798504222561988,-7.790824760038151,-7.790824759814339,0.0076794625238365555,0.007679462474769139,0.007679462698581219,True,False,True,False,True,True,True,False,True,True,True,True,all_initializations_energy_and_threshold_stable
3.0,3.000000,D10,double,9,2,2,True,"[""base""]",False,True,False,1,5.380726975090511e-10,True,2,5.380726975090511e-10,3.8047485317998794e-10,"[{""basin_rank"": 1, ""best_absolute_error_ha"": 6.948703588882665e-05, ""energy_max_ha"": -7.798434734988026, ""energy_mean_ha"": -7.798434735257063, ""energy_min_ha"": -7.798434735526099, ""energy_range_ha"": 5.380726975090511e-10, ""energy_sample_std_ha"": 3.8047485317998794e-10, ""initialization_identities"": [""random_confirmation|uniform_random|seed=22970762"", ""warm_start|compact10_parameter_deletion_warm_start|deterministic""], ""num_initializations"": 2}]",-7.79850422251292,-7.798504222561988,-7.798434735526099,-7.798434734988026,6.948703588882665e-05,6.948698682140986e-05,6.948752489410737e-05,True,True,True,True,True,True,True,False,False,True,True,True,all_initializations_energy_and_threshold_stable
3.0,3.000000,D12,double,9,2,2,True,"[""base""]",False,True,False,1,9.265477274311706e-12,True,2,9.265477274311706e-12,6.551681811595657e-12,"[{""basin_rank"": 1, ""best_absolute_error_ha"": 0.007379059949315092, ""energy_max_ha"": -7.791125162603407, ""energy_mean_ha"": -7.79112516260804, ""energy_min_ha"": -7.791125162612673, ""energy_range_ha"": 9.265477274311706e-12, ""energy_sample_std_ha"": 6.551681811595657e-12, ""initialization_identities"": [""random_confirmation|uniform_random|seed=23070765"", ""warm_start|compact10_parameter_deletion_warm_start|deterministic""], ""num_initializations"": 2}]",-7.79850422251292,-7.798504222561988,-7.791125162612673,-7.791125162603407,0.007379059949315092,0.007379059900247675,0.007379059909513153,True,False,True,False,True,True,True,False,True,True,True,True,all_initializations_energy_and_threshold_stable
3.0,3.000000,D15,double,9,7,7,True,"[""base"", ""rescue_2""]",True,False,True,2,0.0010808157540056484,True,6,2.475335492135855e-10,9.394561828642177e-11,"[{""basin_rank"": 1, ""best_absolute_error_ha"": 0.009988649662712845, ""energy_max_ha"": -7.788515572651741, ""energy_mean_ha"": -7.7885155727921, ""energy_min_ha"": -7.788515572899275, ""energy_range_ha"": 2.475335492135855e-10, ""energy_sample_std_ha"": 9.394561828642177e-11, ""initialization_identities"": [""random_confirmation|uniform_random|seed=21170762"", ""random_confirmation|uniform_random|seed=21180769"", ""random_confirmation|uniform_random|seed=21190776"", ""random_confirmation|uniform_random|seed=21200783"", ""random_confirmation|uniform_random|seed=21210790"", ""random_confirmation|uniform_random|seed=23170768""], ""num_initializations"": 6}, {""basin_rank"": 2, ""best_absolute_error_ha"": 0.011069465416716717, ""energy_max_ha"": -7.787434757145269, ""energy_mean_ha"": -7.787434757145269, ""energy_min_ha"": -7.787434757145269, ""energy_range_ha"": 0.0, ""energy_sample_std_ha"": 0.0, ""initialization_identities"": [""warm_start|compact10_parameter_deletion_warm_start|deterministic""], ""num_initializations"": 1}]",-7.79850422251292,-7.798504222561988,-7.788515572899275,-7.787434757145269,0.009988649662712845,0.009988649613645428,0.011069465367651077,True,False,True,False,False,,True,False,True,True,True,True,reproducible_best_basin_with_stable_primary_thresholds
3.0,3.000000,D3,double,9,2,2,True,"[""base""]",False,True,False,1,3.3794300691170065e-11,True,2,3.3794300691170065e-11,2.3896179184183584e-11,"[{""basin_rank"": 1, ""best_absolute_error_ha"": 0.007379059890359585, ""energy_max_ha"": -7.791125162637834, ""energy_mean_ha"": -7.7911251626547315, ""energy_min_ha"": -7.791125162671628, ""energy_range_ha"": 3.3794300691170065e-11, ""energy_sample_std_ha"": 2.3896179184183584e-11, ""initialization_identities"": [""random_confirmation|uniform_random|seed=22770756"", ""warm_start|compact10_parameter_deletion_warm_start|deterministic""], ""num_initializations"": 2}]",-7.79850422251292,-7.798504222561988,-7.791125162671628,-7.791125162637834,0.007379059890359585,0.007379059841292168,0.007379059875086469,True,False,True,False,True,True,True,False,True,True,True,True,all_initializations_energy_and_threshold_stable
3.0,3.000000,D5,double,9,2,2,True,"[""base""]",False,True,False,1,8.122924555209465e-11,True,2,8.122924555209465e-11,5.743775036055333e-11,"[{""basin_rank"": 1, ""best_absolute_error_ha"": 6.948750475643806e-05, ""energy_max_ha"": -7.798434734976002, ""energy_mean_ha"": -7.798434735016617, ""energy_min_ha"": -7.798434735057231, ""energy_range_ha"": 8.122924555209465e-11, ""energy_sample_std_ha"": 5.743775036055333e-11, ""initialization_identities"": [""random_confirmation|uniform_random|seed=22870759"", ""warm_start|compact10_parameter_deletion_warm_start|deterministic""], ""num_initializations"": 2}]",-7.79850422251292,-7.798504222561988,-7.798434735057231,-7.798434734976002,6.948750475643806e-05,6.948745568902126e-05,6.948753691826681e-05,True,True,True,True,True,True,True,False,False,True,True,True,all_initializations_energy_and_threshold_stable
3.0,3.000000,S0,single,9,2,2,True,"[""base""]",False,True,False,1,1.1103651331723086e-10,True,2,1.1103651331723086e-10,7.851467152592433e-11,"[{""basin_rank"": 1, ""best_absolute_error_ha"": 0.0009034815388009321, ""energy_max_ha"": -7.79760074091215, ""energy_mean_ha"": -7.797600740967669, ""energy_min_ha"": -7.797600741023187, ""energy_range_ha"": 1.1103651331723086e-10, ""energy_sample_std_ha"": 7.851467152592433e-11, ""initialization_identities"": [""random_confirmation|uniform_random|seed=22270741"", ""warm_start|compact10_parameter_deletion_warm_start|deterministic""], ""num_initializations"": 2}]",-7.79850422251292,-7.798504222561988,-7.797600741023187,-7.79760074091215,0.0009034815388009321,0.0009034814897335153,0.0009034816007700286,True,True,True,True,True,True,True,False,False,True,True,True,all_initializations_energy_and_threshold_stable
3.0,3.000000,S3,single,9,2,2,True,"[""base""]",False,True,False,1,1.233946278489384e-11,True,2,1.233946278489384e-11,8.725317811397475e-12,"[{""basin_rank"": 1, ""best_absolute_error_ha"": 0.00020980076048893181, ""energy_max_ha"": -7.798294421789159, ""energy_mean_ha"": -7.79829442179533, ""energy_min_ha"": -7.798294421801499, ""energy_range_ha"": 1.233946278489384e-11, ""energy_sample_std_ha"": 8.725317811397475e-12, ""initialization_identities"": [""random_confirmation|uniform_random|seed=22370744"", ""warm_start|compact10_parameter_deletion_warm_start|deterministic""], ""num_initializations"": 2}]",-7.79850422251292,-7.798504222561988,-7.798294421801499,-7.798294421789159,0.00020980076048893181,0.00020980071142151502,0.0002098007237609778,True,True,True,True,True,True,True,False,False,True,True,True,all_initializations_energy_and_threshold_stable
3.0,3.000000,S4,single,9,2,2,True,"[""base""]",False,True,False,1,1.8815971003505183e-10,True,2,1.8815971003505183e-10,1.3304900691187962e-10,"[{""basin_rank"": 1, ""best_absolute_error_ha"": 0.0009034815858850465, ""energy_max_ha"": -7.797600740787943, ""energy_mean_ha"": -7.797600740882023, ""energy_min_ha"": -7.797600740976103, ""energy_range_ha"": 1.8815971003505183e-10, ""energy_sample_std_ha"": 1.3304900691187962e-10, ""initialization_identities"": [""random_confirmation|uniform_random|seed=22470747"", ""warm_start|compact10_parameter_deletion_warm_start|deterministic""], ""num_initializations"": 2}]",-7.79850422251292,-7.798504222561988,-7.797600740976103,-7.797600740787943,0.0009034815858850465,0.0009034815368176297,0.0009034817249773397,True,True,True,True,True,True,True,False,False,True,True,True,all_initializations_energy_and_threshold_stable
3.0,3.000000,S7,single,9,2,2,True,"[""base""]",False,True,False,1,1.993694098700871e-11,True,2,1.993694098700871e-11,1.409754616802988e-11,"[{""basin_rank"": 1, ""best_absolute_error_ha"": 0.00020980074501331103, ""energy_max_ha"": -7.798294421797038, ""energy_mean_ha"": -7.798294421807006, ""energy_min_ha"": -7.7982944218169745, ""energy_range_ha"": 1.993694098700871e-11, ""energy_sample_std_ha"": 1.409754616802988e-11, ""initialization_identities"": [""random_confirmation|uniform_random|seed=22570750"", ""warm_start|compact10_parameter_deletion_warm_start|deterministic""], ""num_initializations"": 2}]",-7.79850422251292,-7.798504222561988,-7.7982944218169745,-7.798294421797038,0.00020980074501331103,0.00020980069594589423,0.00020980071588283522,True,True,True,True,True,True,True,False,False,True,True,True,all_initializations_energy_and_threshold_stable
